<application>
  <component name="ProjectManager">
    <defaultProject>
      <component name="GradleLocalSettings">
        <option name="projectSyncType">
          <map>
            <entry key="D:/workspace/sw-core" value="PREVIEW" />
            <entry key="D:/workspace/sw-core-tests" value="PREVIEW" />
            <entry key="D:/workspace/sw-core-tests/sw-bizlogic-tests" value="PREVIEW" />
            <entry key="D:/workspace/versonix/geode" value="PREVIEW" />
            <entry key="D:/workspace/versonix/sw-commons-gradle" value="PREVIEW" />
            <entry key="D:/workspace/versonix/sw-inventory" value="PREVIEW" />
            <entry key="D:/workspace/versonix/sw-midware" value="PREVIEW" />
            <entry key="D:/workspace/versonix/sw-notification" value="PREVIEW" />
          </map>
        </option>
      </component>
      <component name="PropertiesComponent">
        <property name="nodejs_interpreter_path.stuck_in_default_project" value="undefined stuck path" />
        <property name="nodejs_npm_path_reset_for_default_project" value="true" />
      </component>
      <component name="VcsContentAnnotationSettings">
        <option name="myLimit" value="2678400000" />
      </component>
      <component name="masterDetails">
        <states>
          <state key="ProjectJDKs.UI">
            <settings>
              <last-edited>1.8</last-edited>
              <splitter-proportions>
                <option name="proportions">
                  <list>
                    <option value="0.2" />
                  </list>
                </option>
              </splitter-proportions>
            </settings>
          </state>
        </states>
      </component>
    </defaultProject>
  </component>
</application>